panel,celId,name,strain,sex,display
"LXS",a_3CI1B7mWQ9qp3cfTEv4C,LXS3m,LxS3,M,LXS3
"LXS",dfjH4QAYJU9H0z76VA0sXr,LXS5m,LxS5,M,LXS5
"LXS",cuyKaatpL-k0d1GZ7qNVUX,LXS7m,LxS7,M,LXS7
"LXS",dBAbHQTjnG5Sk_W3JYBWbH,LXS8m,LxS8,M,LXS8
"LXS",SNP_mDIV_A11-517_032609,LXS9m,LxS9,M,LXS9
"LXS",bXDD-RW-2AXAiQsL_EFfP0,LXS13m,LxS13,M,LXS13
"LXS",bMYaYHUu8ChRnuvof50lO3,LXS14m,LxS14,M,LXS14
"LXS",bJj5Ebxc_9BsglQoWiFu47,LXS16m,LxS16,M,LXS16
"LXS",dPLVNIIolSZf0c-EaA4gSi,LXS19m,LxS19,M,LXS19
"LXS",abYbE4FZML-0b7fJoYlWim,LXS22m,LxS22,M,LXS22
"LXS",bK9FeQbvss_Vc2fL2GFABA,LXS23m,LxS23,M,LXS23
"LXS",dXrw-4D7zEulkqQm5ZIIOD,LXS24m,LxS24,M,LXS24
"LXS",ccK7FmKYqHM8O4xsm5urNl,LXS25m,LxS25,M,LXS25
"LXS",b4gviVRGN9V-2qO8wAt4mx,LXS26m,LxS26,M,LXS26
"LXS",bViXyC9pldBPeMzGSWgW2C,LXS28m,LxS28,M,LXS28
"LXS",c23_hHChd6JaHW_OmDyEMq,LXS32m,LxS32,M,LXS32
"LXS",bMziV2QWkJa_S5LGTR-C4m,LXS34m,LxS34,M,LXS34
"LXS",ctxGqK5dcSpaAb0LGJnkfH,LXS35m,LxS35,M,LXS35
"LXS",d9QdMjcBPOb1YiWEfsbDH0,LXS36m,LxS36,M,LXS36
"LXS",b78PQN21kitWXouyiZimPr,LXS39m,LxS39,M,LXS39
"LXS",ciZLKIYtbZZDdAe0-3tqL8,LXS41m,LxS41,M,LXS41
"LXS",cOBPFRFxuj1NZ52XqhKyg9,LXS42m,LxS42,M,LXS42
"LXS",aAuhZviL20oIYON9tB3ITs,LXS43m,LxS43,M,LXS43
"LXS",buRBwOLMSWjXxoXtkgdo64,LXS46m,LxS46,M,LXS46
"LXS",cdrw1Y_Ap6eIF1bAOOkQOh,LXS48m,LxS48,M,LXS48
"LXS",cCiotmGVth_tjiw1ePVDTu,LXS49m,LxS49,M,LXS49
"LXS",bpToeKB56VzmiGWj7hg-Sz,LXS50m,LxS50,M,LXS50
"LXS",awp6oqn4KilDBM1EK_hpJ6,LXS51m,LxS51,M,LXS51
"LXS",aomEvBqexwgtPEtOgtrT5o,LXS52m,LxS52,M,LXS52
"LXS",cACYNE_2ji4NN_SzpTEorH,LXS56m,LxS56,M,LXS56
"LXS",b2wQYMBNZc2_ImptIiIX-x,LXS60m,LxS60,M,LXS60
"LXS",dLyGbcfy5_C8nvy0NXgQY3,LXS62m,LxS62,M,LXS62
"LXS",b5Mg9NGLFo-E2D5YDfulzW,LXS64m,LxS64,M,LXS64
"LXS",bZtB6APmwzuX69efebc1RD,LXS66m,LxS66,M,LXS66
"LXS",coacHuugvX7yJiO-oFcyOm,LXS70m,LxS70,M,LXS70
"LXS",b8hialRN8OqJe9XviBGQrp,LXS72m,LxS72,M,LXS72
"LXS",cyP05vJKSue6g_CVZ48nig,LXS73m,LxS73,M,LXS73
"LXS",bkviz0iDK_GLbQUIRgk-lE,LXS75m,LxS75,M,LXS75
"LXS",dvSpGbTiwUSMAkFn9-jBKi,LXS76m,LxS76,M,LXS76
"LXS",c2hO37lNw-qynI7B1vDcoR,LXS78m,LxS78,M,LXS78
"LXS",d1sPmcCveHN3XhSDdfKn96,LXS80m,LxS80,M,LXS80
"LXS",axY5tUxcknQ8t5dCiabAMU,LXS84m,LxS84,M,LXS84
"LXS",a-WBBcnrYfh4vqL381zewp,LXS86m,LxS86,M,LXS86
"LXS",a6mVsSPZyysWCpD2U8a3Sf,LXS87m,LxS87,M,LXS87
"LXS",a0WHi-hhUehcLpYm8SZt5L,LXS89m,LxS89,M,LXS89
"LXS",dVekyfPKKnfTuJxYMEYwRx,LXS90m,LxS90,M,LXS90
"LXS",awSQHBC9cyUgY9EFY8hEa4,LXS92m,LxS92,M,LXS92
"LXS",a1p99UpN8G98MHfKSsyiEm,LXS93m,LxS93,M,LXS93
"LXS",dtMGPoNtBAO2jW3GDku-aS,LXS94m,LxS94,M,LXS94
"LXS",bjRG7VgGQn13UC2sgBA8Q0,LXS96m,LxS96,M,LXS96
"LXS",dg5yEM2hvXa_NliMaZWno7,LXS97m,LxS97,M,LXS97
"LXS",aZURNDWfyesn5AWrkyMfxU,LXS98m,LxS98,M,LXS98
"LXS",bO7uVIZhf2aGqFFHg2or54,LXS99m,LxS99,M,LXS99
"LXS",cQTW23Vc_FWVpYS58S9yW3,LXS100m,LxS100,M,LXS100
"LXS",cmnnpYsOcYydwiEOmxABDa,LXS101m,LxS101,M,LXS101
"LXS",a3gk0v3f4UxJ8KX35e9RRG,LXS102m,LxS102,M,LXS102
"LXS",bt4uc4s2HLQrBiEKw1DzUx,LXS103m,LxS103,M,LXS103
"LXS",dJZWMxmABYBktMl96Yvilc,LXS107m,LxS107,M,LXS107
"LXS",aD_w8fEfvDsztTRcXSxrBG,LXS110m,LxS110,M,LXS110
"LXS",cb0-FbmjIU6eYkRUBTBeg8,LXS112m,LxS112,M,LXS112
"LXS",dnzkta4S8WQeGdTSGToj1f,LXS114m,LxS114,M,LXS114
"LXS",bh1cSJBuuVPJD9Zx1ux8XW,LXS115m,LxS115,M,LXS115
"LXS",ceZFKZY9QCk4kHJ7l04l49,LXS122m,LxS122,M,LXS122
"LXS",dAc3ixg1Z6fUu9kt2hWkU1,LXS123m,LxS123,M,LXS123
"LXS",c4APS5yuN02OEhZuW1THpl,ILS,ILS,M,ILS
"LXS",c-DEiPYYlFUnu8X0Oatf-e,ISS,ISS,M,ISS
"BXD",am4CUtPdPq0IUVhAwhL4s9,BxD1,BxD1,M,BXD1
"BXD",dtm5_Sz0tYAsdXOTIiwS0s,BxD2,BxD2,M,BXD2
"BXD",c5v_Xzik6vJCanxyqCxdPg,BxD5,BxD5,M,BXD5
"BXD",a4wVPIemKCMS7UJNvVUGyJ,BxD6,BxD6,M,BXD6
"BXD",bEa0-eVOW_zkx0RKJXs1bi,BxD8,BxD8,M,BXD8
"BXD",dVIEdpnDtsHidcFn0V1IQ2,BXD9,BxD9,M,BXD9
"BXD",dp_48rHYbRV_XvuuIzVvLY,BXD11,BxD11,M,BXD11
"BXD",crW8yt_lr3VYktx8MGiOj4,BxD12,BxD12,M,BXD12
"BXD",de3aWvPUiXvDllT8pKDJ5q,BxD13,BxD13,M,BXD13
"BXD",bjraqnrOBMZ6uaNHdGHr9b,BxD14,BxD14,F,BXD14
"BXD",bvOOzrZ3Yi9JuNXfcr6UTd,BxD15,BxD15,M,BXD15
"BXD",bhD2PvGGS6xEQUXKUw9yIx,BxD16,BxD16,M,BXD16
"BXD",dfyY3deSOluJ4m693hcbe5,BxD18,BxD18,M,BXD18
"BXD",aPzoiUNc3kb3TAjdROrbhO,BXD19,BxD19,M,BXD19
"BXD",byGZo5tirj3COTg99XEFJp,BxD20,BxD20,M,BXD20
"BXD",c9UKESNFd_2fPp21JKWhd5,BxD21,BxD21,M,BXD21
"BXD",bu4csG7figEVQw4GzuSSp6,BXD22 Q08B4056,BxD22,M,BXD22 Q08B4056
"BXD",cRDvhVtkMW7ZaBq2J5tqcx,BxD23/TyJ,BxD23,M,BXD23/TyJ
"BXD",adERP-qBxyMHVkwQvQnY23,BXD24,BxD24,M,BXD24
"BXD",bD1jUFTwTPSpdPNRY_YUZZ,BXD25,BxD25,M,BXD25
"BXD",bYjxe4olUYELKeG2X00ebu,BXD27,BxD27,M,BXD27
"BXD",aUDwXSz24fXXF2goJr3YLa,BxD28,BxD28,M,BXD28
"BXD",bRd0IstrgU8MqnZUjA3K0N,BxD29,BxD29,M,BXD29
"BXD",ay7DAQzXlT8kOKop_16V_z,BXD-30/Ty,BxD30,M,BXD-30/Ty
"BXD",c7XpEgcN55li8WkKblvnbW,BxD31,BxD31,M,BXD31
"BXD",aYi7n7F2u2eb7wh95wuYiF,BxD32,BxD32,M,BXD32
"BXD",aM7LaNXz1sHg02iZz7mSAR,BxD33,BxD33,M,BXD33
"BXD",aC5cKZl9FbkzpYpCJdIk1I,BxD34,BxD34,M,BXD34
"BXD",bctui6aSkAxxymefBoxgV5,BXD-35,BxD35,M,BXD-35
"BXD",cUCwaXBgPwku7whfYDFErj,BxD36/TyJ,BxD36,M,BXD36/TyJ
"BXD",bUY94CT3_tRVBaLqk_Nfsb,BXD38 R08L4198,BxD38,M,BXD38 R08L4198
"BXD",bXJVmcRil5v0mYrOv6exfC,BxD39,BxD39,M,BXD39
"BXD",c2m22tGcsC265IPpoA9ibJ,BxD40,BxD40,M,BXD40
"BXD",cYmnp4c4urLAhZWZg1GTN5,BxD42,BxD42,M,BXD42
"BXD",bJr7XT2Z8AYKn9xn-rpNsA,BxD43,BxD43,M,BXD43
"BXD",d2ZIICPXgckua7KVTr4YIz,BxD44,BxD44,M,BXD44
"BXD",dcul51wmy5QpXnkfwjQekc,BxD45,BxD45,M,BXD45
"BXD",afpVvYwW7fH--MEEupDYjQ,BxD47,BxD47,M,BXD47
"BXD",bWyIaZMxgWdQu3LaFA-2Jw,BxD48,BxD48,M,BXD48
"BXD",adcTRdx-J-NB84bI8_7crw,BxD49,BxD49,M,BXD49
"BXD",buP0kX5dF1dVzR51-Aqzkj,BXD50,BxD50,M,BXD50
"BXD",SNP_mDIV_A5-359_040711,BXD51,BxD51,M,BXD51
"BXD",cSam2UPqMJEvYcc1mamuQt,BxD52,BxD52,M,BXD52
"BXD",dtYbqw2fDOXRH5LKC3-yRp,BxD53N1LL137772,BxD53,M,BXD53N1LL137772
"BXD",bTRTtUENbVMSBZUiLc3LJh,BxD54,BxD54,F,BXD54
"BXD",a0HUZmLWChl_4Do23iSPRg,BXD55 R09A4199,BxD55,M,BXD55 R09A4199
"BXD",d2Db-TSCUeygvgTsfkMIoU,BXD56 LL4440,BxD56,M,BXD56 LL4440
"BXD",cB78QRDMIhRwxeid53c56M,BxD59,BxD59,F,BXD59
"BXD",dS7TgajdToTZa1HrHE7-z2,BxD60,BxD60,M,BXD60
"BXD",bLeAimnhBEKF_evFTQR9NS,BxD61,BxD61,M,BXD61
"BXD",bkaugMFuGOSzK33U_mb6zn,BXD62 L08L4284,BxD62,M,BXD62 L08L4284
"BXD",aTaKARs0YKObhgZjIrBTxF,BXD63,BxD63,M,BXD63
"BXD",asdE0iUVlaOmIixJo6oGa_,BxD64,BxD64,M,BXD64
"BXD",aFbtcdZg14Kbr73u5tw3z0,BXD65,BxD65,M,BXD65
"BXD",c9jHtJNVvyCm8gDt-77YUb,BxD66,BxD66,M,BXD66
"BXD",dDjovDII5rmP_sTpGo3_Cb,BxD67,BxD67,M,BXD67
"BXD",b0xy8vj2RbkaiRiR60Z7H7,BxD68,BxD68,M,BXD68
"BXD",aoJeVQLlInsFieqnJ30NCI,BxD69,BxD69,M,BXD69
"BXD",dyqzEMWBH9GqHZkRD8pV9e,BxD70,BxD70,M,BXD70
"BXD",drsCHZATGxHqUNFtGCuIJo,BxD71,BxD71,M,BXD71
"BXD",a98Q-COte02oWAvpzZTfdj,BxD73,BxD73,M,BXD73
"BXD",aD6AW2AaESjrfHv2YKIUBk,BxD74,BxD74,M,BXD74
"BXD",doutO2_EqGQ9BJ1Wm-aLEG,BxD75,BxD75,M,BXD75
"BXD",cMPu6pnhc6aD2ECOejluZP,BxD76,BxD76,F,BXD76
"BXD",cOrrvL1eJcxE0VwDOeLwGE,BxD77,BxD77,M,BXD77
"BXD",aGKW55BCbrwU5xXhBL6btx,BxD78,BxD78,M,BXD78
"BXD",at8PK2YaWPryEXksirLLPm,BXD79,BxD79,M,BXD79
"BXD",dSFfjUhvlxx-R6tI5Oszgo,BXD80,BxD80,M,BXD80
"BXD",bXmXLu-eEMWD7UJg1OTuhd,BXD81LL13333,BxD81,M,BXD81LL13333
"BXD",cA919t7Oi6F4HbW0LNOHzg,BxD82,BxD82,M,BXD82
"BXD",cYY1Q5HqbxhT1foDibXHf_,BxD83,BxD83,M,BXD83
"BXD",bSCx1OrIdofSREaCMXtUDn,BxD84,BxD84,M,BXD84
"BXD",c2mvm4LIWNAcLQNB2SM2Ud,BxD85,BxD85,M,BXD85
"BXD",ca4npuIH_zj1uLQoLp_VOX,BxD86,BxD86,M,BXD86
"BXD",cK3aiqbY0yEZB4DGWNbm5z,BXD87/RwwJ,BxD87,M,BXD87/RwwJ
"BXD",cR1jgCO185JukUdfihqgEc,BxD88N5LL13824,BxD88,M,BXD88N5LL13824
"BXD",dyfEOKrmzVTB33oTgDViOo,BXD89,BxD89,M,BXD89
"BXD",aMTXudPpctbXuljadJ4-Gg,BxD90,BxD90,M,BXD90
"BXD",bMG6QFDuWm3mbnITMFy71s,BXD91,BxD91,M,BXD91
"BXD",d5mAapWF10ZQixN4VR94HS,BxD92,BxD92,M,BXD92
"BXD",cXrah_GwxErJFLqgsWu8Sa,BXD93,BxD93,M,BXD93
"BXD",bz7KX24cp_eyiFHol7rrFK,BxD94,BxD94,M,BXD94
"BXD",a6Z7bhpPQwwHMYQUPBq2li,BXD95,BxD95,M,BXD95
"BXD",d5dcwJPXob7rVWV8xICqXR,BxD96,BxD96,M,BXD96
"BXD",a4c4tQxwMOjhyt4F_MiOil,BXD97RwwJ,BxD97,M,BXD97RwwJ
"BXD",b7OARYicRgE0bYrRR3GlQh,BXD98,BxD98,M,BXD98
"BXD",cWWThDS2v_N1EaAO-9RSqL,BXD99,BxD99,M,BXD99
"BXD",ckKxt3xHxd9jbbozmJ8Nk-,BXD100,BxD100,M,BXD100
"BXD",ckSu9_tBKLb89HEavlWuWh,BXD101,BxD101,M,BXD101
"BXD",cBLAVFvY4tdN0uau4XrjDV,BXD102,BxD102,M,BXD102
"BXD",c2Reyejlf8F_aQ6iHce4Ri,BxD103MK88,BxD103,M,BXD103MK88
"BXD",ab3u-baDL0t6av-dRqYzBz,C57BL/6J,C57BL/6J,M,C57BL/6J
"BXD",aqaQ0r3TdBKu_4eBAmpLKE,DBA/2J,DBA/2J,M,DBA/2J
"BXD",cVYN9v9M30K90vKiqd8175,DBAxB6,DBAxB6,M,DBAxB6
"PWD.B6",SNP_mDIV_B3-SNP11_057_031711,CBL-Chr1/ForeJ,C1,M,C57BL/6J-Chr1PWD/ForeJ
"PWD.B6",beNs-CDz_rZuvqnEar-dpN,CBL-Chr2/ForeJ,C2,M,C57BL/6J-Chr2PWD/ForeJ
"PWD.B6",SNP_mDIV_B4-SNP11_058_031711,CBL-Chr3/ForeJ,C3,M,C57BL/6J-Chr3PWD/ForeJ
"PWD.B6",SNP_mDIV_B5-SNP11_059_031711,CBL-Chr4/ForeJ,C4,M,C57BL/6J-Chr4PWD/ForeJ
"PWD.B6",SNP_mDIV_B6-SNP11_060_031711,CBL-Chr5/ForeJ,C5,M,C57BL/6J-Chr5PWD/ForeJ
"PWD.B6",SNP_mDIV_B7-SNP11_061_031711,CBL-Chr6/ForeJ,C6,M,C57BL/6J-Chr6PWD/ForeJ
"PWD.B6",SNP_mDIV_B8-SNP11_062_031711,CBL-Chr7/ForeJ,C7,M,C57BL/6J-Chr7PWD/ForeJ
"PWD.B6",SNP_mDIV_B9-SNP11_063_031711,CBL-Chr8/ForeJ,C8,M,C57BL/6J-Chr8PWD/ForeJ
"PWD.B6",dya152b2LG1r5SN9hXLhf3,CBL-Chr9/ForeJ,C9,M,C57BL/6J-Chr9PWD/ForeJ
"PWD.B6",SNP_mDIV_B10-SNP11_064_031711,CBL-Chr10.1/ForeJ,C10.1,M,C57BL/6J-Chr10.1PWD/ForeJ
"PWD.B6",SNP_mDIV_B11-SNP11_065_031711,CBL-Chr10.2/ForeJ,C10.2,M,C57BL/6J-Chr10.2PWD/ForeJ
"PWD.B6",bxPM3X8eUHhEch_N0KAqTS,CBL-Chr10.3/ForeJ,C10.3,M,C57BL/6J-Chr10.3PWD/ForeJ
"PWD.B6",cNy3hMLGf3UF9FFKDFhA6A,CBL-Chr11.1/ForeJ,C11.1,M,C57BL/6J-Chr11.1PWD/ForeJ
"PWD.B6",a8JtuWOPSej5HTWChujgv1,CBL-Chr11.2/ForeJ,C11.2,M,C57BL/6J-Chr11.2PWD/ForeJ
"PWD.B6",SNP_mDIV_C1-SNP11_066_031711,CBL-Chr11.3/ForeJ,C11.3,M,C57BL/6J-Chr11.3PWD/ForeJ
"PWD.B6",b0cYGVrCM2nzq3gIhCmGQ6,CBL-Chr12/ForeJ,C12,M,C57BL/6J-Chr12PWD/ForeJ
"PWD.B6",SNP_mDIV_C2-SNP11_067_031711,CBL-Chr13/ForeJ,C13,M,C57BL/6J-Chr13PWD/ForeJ
"PWD.B6",cS26VFhXVilaEqIlqE92X5,CBL-Chr14/ForeJ,C14,M,C57BL/6J-Chr14PWD/ForeJ
"PWD.B6",SNP_mDIV_A3-SNP11_271_061711,CBL-Chr15/ForeJ,C15,M,C57BL/6J-Chr15PWD/ForeJ
"PWD.B6",SNP_mDIV_C3-SNP11_068_031711,CBL-Chr16/ForeJ,C16,M,C57BL/6J-Chr16PWD/ForeJ
"PWD.B6",SNP_mDIV_A4-SNP11_272_061711,CBL-Chr17/ForeJ,C17,M,C57BL/6J-Chr17PWD/ForeJ
"PWD.B6",dgUt8xEBTTyUXufeho0d-H,CBL-Chr18/ForeJ,C18,M,C57BL/6J-Chr18PWD/ForeJ
"PWD.B6",b3lwWRoMQ-lg15Px1FWAEZ,CBL-Chr19/ForeJ,C19,M,C57BL/6J-Chr19PWD/ForeJ
"PWD.B6",SNP_mDIV_C5-SNP11_070_031711,CBL-ChrX.1/ForeJ,CX.1,M,C57BL/6J-ChrX.1PWD/ForeJ
"PWD.B6",bl-hT5OY_7wxcHlH9gSDFL,CBL-ChrX.2/ForeJ,CX.2,M,C57BL/6J-ChrX.2PWD/ForeJ
"PWD.B6",SNP_mDIV_C6-SNP11_071_031711,CBL-ChrX.3/ForeJ,CX.3,M,C57BL/6J-ChrX.3PWD/ForeJ
"PWD.B6",d0c8-D8gCN_ojrVmRwNaDF,CBL-ChrY/ForeJ,CY,M,C57BL/6J-ChrYPWD/ForeJ
"PWD.B6",SNP_mDIV_C7-SNP11_072_031711,CBL-ChrMT/ForeJ,CMIT,M,C57BL/6J-ChrMTPWD/ForeJ
"PWD.B6",b3u5VKq-Yu2JOT0OrJdsB6,CBL,B6,M,C57BL/6J
"PWD.B6",agl9ou7CwF9OoM0NOjq6e6,PWD,PWD,M,PWD
"PWD.B6",SNP_mDIV_C11-SNP11_076_031711,(B6xPWD)F1-001m,B6xPWD,M,B6xPWD
"AXB",SNP_mDIV_B3-SNP09_418_021210,AXB-1,AxB1,M,AXB1
"AXB",SNP_mDIV_B4-SNP09_419_021210,AXB-2,AxB2,M,AXB2
"AXB",SNP_mDIV_B5-SNP09_420_021210,AXB-4,AxB4,M,AXB4
"AXB",SNP_mDIV_B6-SNP09_421_021210,AXB-5,AxB5,M,AXB5
"AXB",SNP_mDIV_B7-SNP09_422_021210,AXB-6,AxB6,M,AXB6
"AXB",SNP_mDIV_B8-SNP09_423_021210,AXB-8,AxB8,M,AXB8
"AXB",SNP_mDIV_B9-SNP09_424_021210,AXB-10,AxB10,M,AXB10
"AXB",SNP_mDIV_B10-SNP09_425_021210,AXB-12,AxB12,M,AXB12
"AXB",SNP_mDIV_B11-SNP09_426_021210,AXB-13,AxB13,M,AXB13
"AXB",SNP_mDIV_C1-SNP09_427_021210,AXB-15,AxB15,M,AXB15
"AXB",SNP_mDIV_C2-SNP09_428_021210,AXB-18,AxB18,M,AXB18
"AXB",SNP_mDIV_C3-SNP09_429_021210,AXB-23,AxB23,M,AXB23
"AXB",SNP_mDIV_C4-SNP09_430_021210,AXB-24,AxB24,M,AXB24
"AXB",SNP_mDIV_A1-SNP09_405_021210,BXA-1,BxA1,M,BXA1
"AXB",SNP_mDIV_A2-SNP09_406_021210,BXA-2,BxA2,M,BXA2
"AXB",SNP_mDIV_A3-SNP09_407_021210,BXA-4,BxA4,M,BXA4
"AXB",SNP_mDIV_A4-SNP09_408_021210,BXA-11,BxA11,M,BXA11
"AXB",SNP_mDIV_A5-SNP09_409_021210,BXA-12,BxA12,M,BXA12
"AXB",SNP_mDIV_A6-SNP09_410_021210,BXA-13,BxA13,M,BXA13
"AXB",SNP_mDIV_A7-SNP09_411_021210,BXA-14,BxA14,M,BXA14
"AXB",SNP_mDIV_A8-SNP09_412_021210,BXA-16,BxA16,M,BXA16
"AXB",SNP_mDIV_A9-SNP09_413_021210,BXA--17,BxA17,M,BXA17
"AXB",SNP_mDIV_A10-SNP09_414_021210,BXA-24,BxA24,M,BXA24
"AXB",SNP_mDIV_A11-SNP09_415_021210,BXA-25,BxA25,M,BXA25
"AXB",SNP_mDIV_B1-SNP09_416_021210,BXA-26,BxA26,M,BXA26
"AXB",b3u5VKq-Yu2JOT0OrJdsB6,C57BL/6J,B6,M,C57BL/6J
"AXB",diWCZfyDF9JYFK0ClwHzTx,A/J,A,M,A/J
"AXB",SNP_mDIV_A9-SNP11_079_040711,B6AF1/J,B6xA,M,B6xA
"A.B6",SNP_mDIV_C1-SNP11_093_040711,CBL-Chr 1A/J/NaJ,C1,M,C57BL/6J-Chr1A/J/NaJ
"A.B6",SNP_mDIV_C2-SNP11_094_040711,CBL-Chr 2A/J/NaJ,C2,M,C57BL/6J-Chr2A/J/NaJ
"A.B6",SNP_mDIV_C3-SNP11_095_040711,CBL-Chr 3A/J/NaJ,C3,M,C57BL/6J-Chr3A/J/NaJ
"A.B6",SNP_mDIV_C4-SNP11_096_040711,CBL-Chr 4A/J/NaJ,C4,M,C57BL/6J-Chr4A/J/NaJ
"A.B6",SNP_mDIV_C5-SNP11_097_040711,CBL-Chr 5A/J/NaJ,C5,M,C57BL/6J-Chr5A/J/NaJ
"A.B6",SNP_mDIV_C6-SNP11_098_040711,CBL-Chr 6A/J/NaJ,C6,M,C57BL/6J-Chr6A/J/NaJ
"A.B6",SNP_mDIV_C7-SNP11_099_040711,CBL-Chr 7A/J/NaJ,C7,M,C57BL/6J-Chr7A/J/NaJ
"A.B6",SNP_mDIV_C8-SNP11_100_040711,CBL-Chr 8A/J/NaJ,C8,M,C57BL/6J-Chr8A/J/NaJ
"A.B6",SNP_mDIV_C9-SNP11_101_040711,CBL-Chr 9A/J/NaJ,C9,M,C57BL/6J-Chr9A/J/NaJ
"A.B6",SNP_mDIV_B2-SNP11_083_040711,CBL-Chr 10A/J/NaJ,C10,M,C57BL/6J-Chr10A/J/NaJ
"A.B6",SNP_mDIV_B3-SNP11_084_040711,CBL-Chr 11A/J/NaJ,C11,M,C57BL/6J-Chr11A/J/NaJ
"A.B6",SNP_mDIV_B4-SNP11_085_040711,CBL-Chr 12A/J/NaJ,C12,M,C57BL/6J-Chr12A/J/NaJ
"A.B6",SNP_mDIV_B5-SNP11_086_040711,CBL-Chr 13A/J/NaJ,C13,M,C57BL/6J-Chr13A/J/NaJ
"A.B6",SNP_mDIV_B6-SNP11_087_040711,CBL-Chr 14A/J/NaJ,C14,M,C57BL/6J-Chr14A/J/NaJ
"A.B6",SNP_mDIV_B7-SNP11_088_040711,CBL-Chr 15A/J/NaJ,C15,M,C57BL/6J-Chr15A/J/NaJ
"A.B6",SNP_mDIV_B8-SNP11_089_040711,CBL-Chr 16A/J/NaJ,C16,M,C57BL/6J-Chr16A/J/NaJ
"A.B6",SNP_mDIV_B9-SNP11_090_040711,CBL-Chr 17A/J/NaJ,C17,M,C57BL/6J-Chr17A/J/NaJ
"A.B6",SNP_mDIV_B10-SNP11_091_040711,CBL-Chr 18A/J/NaJ,C18,M,C57BL/6J-Chr18A/J/NaJ
"A.B6",SNP_mDIV_B11-SNP11_092_040711,CBL-Chr 19A/J/NaJ,C19,M,C57BL/6J-Chr19A/J/NaJ
"A.B6",SNP_mDIV_C10-SNP11_102_040711,CBL-Chr XA/J/NaJ,CX,M,C57BL/6J-ChrXA/J/NaJ
"A.B6",SNP_mDIV_C12-SNP11_104_040711,CBL-Chr YA/J/NaJ,CY,M,C57BL/6J-ChrYA/J/NaJ
"A.B6",SNP_mDIV_D1-SNP11_105_040711,CBL-mtA/J/NaJ,CM,M,C57BL/6J-mtA/J/NaJ
"A.B6",SNP_mDIV_A9-SNP11_079_040711,B6AF1/J,B6xA,M,C57BL/6J x A/J
"A.B6",SNP_mDIV_A11-SNP11_081_040711,CBL,B6,M,C57BL/6J
"A.B6",SNP_mDIV_A10-SNP11_080_040711,A/J,A,M,A/J
"MSM.B6",SNP_mDIV_A1-SNP11_192_052311,B6-Chr1-MSM,C1,M,C57BL/6J-Chr1-MSM
"MSM.B6",SNP_mDIV_A2-SNP11_193_052311,B6-Chr2C-MSM,C2.1,M,C57BL/6J-Chr2C-MSM
"MSM.B6",SNP_mDIV_A3-SNP11_194_052311,B6-Chr2T-MSM,C2.2,M,C57BL/6J-Chr2T-MSM
"MSM.B6",SNP_mDIV_A4-SNP11_195_052311,B6-Chr3-MSM,C3,M,C57BL/6J-Chr3-MSM
"MSM.B6",SNP_mDIV_A5-SNP11_196_052311,B6-Chr4-MSM,C4,M,C57BL/6J-Chr4-MSM
"MSM.B6",SNP_mDIV_A6-SNP11_197_052311,B6-Chr5C-MSM,C5.1,M,C57BL/6J-Chr5C-MSM
"MSM.B6",SNP_mDIV_A7-SNP11_198_052311,B6-Chr5T-MSM,C5.2,M,C57BL/6J-Chr5T-MSM
"MSM.B6",SNP_mDIV_A8-SNP11_199_052311,B6-Chr6C-MSM,C6.1,M,C57BL/6J-Chr6C-MSM
"MSM.B6",SNP_mDIV_A9-SNP11_200_052311,B6-Chr6T-MSM,C6.2,M,C57BL/6J-Chr6T-MSM
"MSM.B6",SNP_mDIV_A10-SNP11_201_052311,B6-Chr7C-MSM,C7.1,M,C57BL/6J-Chr7C-MSM
"MSM.B6",SNP_mDIV_A11-SNP11_202_052311,B6-Chr7T-MSM,C7.2,M,C57BL/6J-Chr7T-MSM
"MSM.B6",SNP_mDIV_B1-SNP11_203_052311,B6-Chr8-MSM,C8,M,C57BL/6J-Chr8-MSM
"MSM.B6",SNP_mDIV_B2-SNP11_204_052311,B6-Chr9-MSM,C9,M,C57BL/6J-Chr9-MSM
"MSM.B6",SNP_mDIV_B3-SNP11_205_052311,B6-Chr10T-MSM,C10.2,M,C57BL/6J-Chr10T-MSM
"MSM.B6",SNP_mDIV_B4-SNP11_206_052311,B6-Chr11-MSM,C11,M,C57BL/6J-Chr11-MSM
"MSM.B6",SNP_mDIV_B5-SNP11_207_052311,B6-Chr12C-MSM,C12.1,M,C57BL/6J-Chr12C-MSM
"MSM.B6",SNP_mDIV_B6-SNP11_208_052311,B6-Chr12T-MSM,C12.2,M,C57BL/6J-Chr12T-MSM
"MSM.B6",SNP_mDIV_B7-SNP11_209_052311,B6-Chr13C-MSM,C13.1,M,C57BL/6J-Chr13C-MSM
"MSM.B6",SNP_mDIV_B8-SNP11_210_052311,B6-Chr13T-MSM,C13.2,M,C57BL/6J-Chr13T-MSM
"MSM.B6",SNP_mDIV_B9-SNP11_211_052311,B6-Chr14-MSM,C14,M,C57BL/6J-Chr14-MSM
"MSM.B6",SNP_mDIV_B10-SNP11_212_052311,B6-Chr15-MSM,C15,M,C57BL/6J-Chr15-MSM
"MSM.B6",SNP_mDIV_B11-SNP11_213_052311,B6-Chr16-MSM,C16,M,C57BL/6J-Chr16-MSM
"MSM.B6",SNP_mDIV_C1-SNP11_214_052311,B6-Chr17-MSM,C17,M,C57BL/6J-Chr17-MSM
"MSM.B6",SNP_mDIV_C2-SNP11_215_052311,B6-Chr18-MSM,C18,M,C57BL/6J-Chr18-MSM
"MSM.B6",SNP_mDIV_C3-SNP11_216_052311,B6-Chr19-MSM,C19,M,C57BL/6J-Chr19-MSM
"MSM.B6",SNP_mDIV_C4-SNP11_217_052311,B6-ChrXC-MSM,CX.1,M,C57BL/6J-ChrXC-MSM
"MSM.B6",SNP_mDIV_C5-SNP11_218_052311,B6-ChrXT-MSM,CX.2,M,C57BL/6J-ChrXT-MSM
"MSM.B6",SNP_mDIV_C6-SNP11_219_052311,B6-ChrY-MSM,CY,M,C57BL/6J-ChrY-MSM
"MSM.B6",SNP_mDIV_C7-SNP11_220_052311,B6-mt-MSM,CMIT,M,C57BL/6J-mt-MSM
"MSM.B6",b3u5VKq-Yu2JOT0OrJdsB6,B6,B6,M,C57BL/6J
"MSM.B6",b7jsQkt7CRHfP6lJ0GEAuo,MSM,MSM,M,MSM
"MSM.B6",SNP_mDIV_C11-SNP11_076_031711,(B6xPWD)F1-001m,B6xPWD,M,C57BL/6JxPWD
